crew_id,date,available_min,skills,allowed_clusters
IN,2018-06-04,480,install,N
IN,2018-06-05,480,install,N
IN,2018-06-06,480,install,N
IN,2018-06-07,480,install,N
IN,2018-06-08,480,install,N
IN,2018-06-11,480,install,N
IN,2018-06-12,480,install,N
IN,2018-06-13,480,install,N
IN,2018-06-14,480,install,N
IN,2018-06-15,480,install,N
IS,2018-06-04,480,install,S
IS,2018-06-05,480,install,S
IS,2018-06-06,480,install,S
IS,2018-06-07,480,install,S
IS,2018-06-08,480,install,S
IS,2018-06-11,480,install,S
IS,2018-06-12,480,install,S
IS,2018-06-13,480,install,S
IS,2018-06-14,480,install,S
IS,2018-06-15,480,install,S
BN,2018-06-05,480,battery,N
BN,2018-06-06,480,battery,N
BN,2018-06-07,480,battery,N
BN,2018-06-08,480,battery,N
BN,2018-06-11,480,battery,N
BN,2018-06-12,480,battery,N
BN,2018-06-13,480,battery,N
BN,2018-06-14,480,battery,N
BN,2018-06-15,480,battery,N
BS,2018-06-05,480,battery,S
BS,2018-06-06,480,battery,S
BS,2018-06-07,480,battery,S
BS,2018-06-08,480,battery,S
BS,2018-06-11,480,battery,S
BS,2018-06-12,480,battery,S
BS,2018-06-13,480,battery,S
BS,2018-06-14,480,battery,S
BS,2018-06-15,480,battery,S
