site_id,job_id,crew_id,date,locked
W-01,W-01-I,IA,2018-06-05,false
W-02,W-02-I,IA,2018-06-05,false
W-03,W-03-I,IA,2018-06-05,false
W-04,W-04-I,IA,2018-06-05,false
N-02,N-02-I,IB,2018-06-05,false
N-04,N-04-I,IB,2018-06-05,false
W-01,W-01-B,BA,2018-06-06,false
W-02,W-02-B,BA,2018-06-06,false
W-03,W-03-B,BA,2018-06-06,false
W-04,W-04-B,BA,2018-06-06,false
S-01,S-01-I,IA,2018-06-06,false
S-02,S-02-I,IA,2018-06-06,false
S-03,S-03-I,IA,2018-06-06,false
S-04,S-04-I,IA,2018-06-06,false
S-01,S-01-B,BA,2018-06-07,false
S-02,S-02-B,BA,2018-06-07,false
S-03,S-03-B,BA,2018-06-07,false
S-04,S-04-B,BA,2018-06-07,false
N-01,N-01-I,IA,2018-06-07,false
N-03,N-03-I,IA,2018-06-07,false
N-01,N-01-B,BA,2018-06-08,false
N-02,N-02-B,BA,2018-06-08,false
N-03,N-03-B,BA,2018-06-08,false
N-04,N-04-B,BA,2018-06-08,false
