job_id,site_id,visit_type,duration_min,required_skill
N-01-I,N-01,install,120,install
N-01-B,N-01,battery_day,75,battery
S-01-I,S-01,install,90,install
S-01-B,S-01,battery_day,75,battery
W-01-I,W-01,install,120,install
W-01-B,W-01,battery_day,60,battery
N-02-I,N-02,install,120,install
N-02-B,N-02,battery_day,60,battery
S-02-I,S-02,install,120,install
S-02-B,S-02,battery_day,75,battery
W-02-I,W-02,install,90,install
W-02-B,W-02,battery_day,60,battery
N-03-I,N-03,install,120,install
N-03-B,N-03,battery_day,75,battery
S-03-I,S-03,install,120,install
S-03-B,S-03,battery_day,60,battery
W-03-I,W-03,install,90,install
W-03-B,W-03,battery_day,75,battery
N-04-I,N-04,install,90,install
N-04-B,N-04,battery_day,60,battery
S-04-I,S-04,install,90,install
S-04-B,S-04,battery_day,75,battery
W-04-I,W-04,install,90,install
W-04-B,W-04,battery_day,75,battery
