site_id,crew_id,date,locked
N-01,A,2018-06-04,true
S-01,B,2018-06-04,true
W-01,C,2018-06-04,true
N-02,A,2018-06-05,false
S-02,B,2018-06-05,false
W-02,C,2018-06-05,false
N-03,A,2018-06-06,false
S-03,B,2018-06-06,false
W-03,C,2018-06-06,false
N-04,A,2018-06-07,false
S-04,B,2018-06-07,false
W-04,C,2018-06-07,false
N-05,A,2018-06-08,false
S-05,B,2018-06-08,false
W-05,C,2018-06-08,false
N-06,A,2018-06-11,false
S-06,B,2018-06-11,false
W-06,C,2018-06-11,false
N-07,A,2018-06-12,false
S-07,B,2018-06-12,false
W-07,C,2018-06-12,false
N-08,A,2018-06-13,false
S-08,B,2018-06-13,false
W-08,C,2018-06-13,false
N-09,A,2018-06-14,false
S-09,B,2018-06-14,false
W-09,C,2018-06-14,false
N-10,A,2018-06-15,false
S-10,B,2018-06-15,false
W-10,C,2018-06-15,false
